id,mask,thongtin,image,nu,nam,dotuoi,danam,danu,ngswap,vtrinam,tomLuocText
1,DCC,Christmas Day,https://github.com/Tozivn/futurelove/blob/main/14_Christmas%20%20face2/b1.jpg?raw=true,,https://github.com/Tozivn/futurelove/blob/main/14_Christmas%20%20face2/b1.jpg?raw=true,5,,,,,
2,DCC,Christmas Day,https://github.com/Tozivn/futurelove/blob/main/14_Christmas%20%20face2/b10.jpg?raw=true,https://github.com/Tozivn/futurelove/blob/main/14_Christmas%20%20face2/b10.jpg?raw=true,0,3,,,,,
3,DCC,Christmas Day,https://github.com/Tozivn/futurelove/blob/main/14_Christmas%20%20face2/b11.jpg?raw=true,https://github.com/Tozivn/futurelove/blob/main/14_Christmas%20%20face2/b11.jpg?raw=true,0,3,,,,,
4,DCC,Christmas Day,https://github.com/Tozivn/futurelove/blob/main/14_Christmas%20%20face2/b12.jpg?raw=true,https://github.com/Tozivn/futurelove/blob/main/14_Christmas%20%20face2/b12.jpg?raw=true,0,5,,,,,
5,DCC,Christmas Day,https://github.com/Tozivn/futurelove/blob/main/14_Christmas%20%20face2/b13.jpg?raw=true,https://github.com/Tozivn/futurelove/blob/main/14_Christmas%20%20face2/b13.jpg?raw=true,0,5,,,,,
6,DCC,Christmas Day,https://github.com/Tozivn/futurelove/blob/main/14_Christmas%20%20face2/b14.jpg?raw=true,https://github.com/Tozivn/futurelove/blob/main/14_Christmas%20%20face2/b14.jpg?raw=true,0,5,,,,,
7,DCC,Christmas Day,https://github.com/Tozivn/futurelove/blob/main/14_Christmas%20%20face2/b15.jpg?raw=true,https://github.com/Tozivn/futurelove/blob/main/14_Christmas%20%20face2/b15.jpg?raw=true,0,5,,,,,
8,DCC,Christmas Day,https://github.com/Tozivn/futurelove/blob/main/14_Christmas%20%20face2/b16.jpg?raw=true,https://github.com/Tozivn/futurelove/blob/main/14_Christmas%20%20face2/b16.jpg?raw=true,0,5,,,,,
9,DCC,Christmas Day,https://github.com/Tozivn/futurelove/blob/main/14_Christmas%20%20face2/b17.jpg?raw=true,https://github.com/Tozivn/futurelove/blob/main/14_Christmas%20%20face2/b17.jpg?raw=true,0,5 tháng ,,,,,
10,DCC,Christmas Day,https://github.com/Tozivn/futurelove/blob/main/14_Christmas%20%20face2/b18.jpg?raw=true,https://github.com/Tozivn/futurelove/blob/main/14_Christmas%20%20face2/b18.jpg?raw=true,0,1,,,,,
11,DCC,Christmas Day,https://github.com/Tozivn/futurelove/blob/main/14_Christmas%20%20face2/b19.jpg?raw=true,https://github.com/Tozivn/futurelove/blob/main/14_Christmas%20%20face2/b19.jpg?raw=true,0,5 tháng,,,,,
12,DCC,Christmas Day,https://github.com/Tozivn/futurelove/blob/main/14_Christmas%20%20face2/b2.jpg?raw=true,,https://github.com/Tozivn/futurelove/blob/main/14_Christmas%20%20face2/b2.jpg?raw=true,4,,,,,
13,DCC,Christmas Day,https://github.com/Tozivn/futurelove/blob/main/14_Christmas%20%20face2/b20.jpg?raw=true,https://github.com/Tozivn/futurelove/blob/main/14_Christmas%20%20face2/b20.jpg?raw=true,0,1 tháng ,,,,,
14,DCC,Christmas Day,https://github.com/Tozivn/futurelove/blob/main/14_Christmas%20%20face2/b29.jpg?raw=true,https://github.com/Tozivn/futurelove/blob/main/14_Christmas%20%20face2/b29.jpg?raw=true,0,4,,,,,
15,DCC,Christmas Day,https://github.com/Tozivn/futurelove/blob/main/14_Christmas%20%20face2/b3.jpg?raw=true,,https://github.com/Tozivn/futurelove/blob/main/14_Christmas%20%20face2/b3.jpg?raw=true,4,,,,,
16,DCC,Christmas Day,https://github.com/Tozivn/futurelove/blob/main/14_Christmas%20%20face2/b30.jpg?raw=true,https://github.com/Tozivn/futurelove/blob/main/14_Christmas%20%20face2/b30.jpg?raw=true,0,4,,,,,
17,DCC,Christmas Day,https://github.com/Tozivn/futurelove/blob/main/14_Christmas%20%20face2/b31.jpg?raw=true,https://github.com/Tozivn/futurelove/blob/main/14_Christmas%20%20face2/b31.jpg?raw=true,0,4,,,,,
18,DCC,Christmas Day,https://github.com/Tozivn/futurelove/blob/main/14_Christmas%20%20face2/b32.jpg?raw=true,https://github.com/Tozivn/futurelove/blob/main/14_Christmas%20%20face2/b32.jpg?raw=true,0,4,,,,,
19,DCC,Christmas Day,https://github.com/Tozivn/futurelove/blob/main/14_Christmas%20%20face2/b4.jpg?raw=true,,https://github.com/Tozivn/futurelove/blob/main/14_Christmas%20%20face2/b4.jpg?raw=true,4,,,,,
20,DCC,Christmas Day,https://github.com/Tozivn/futurelove/blob/main/14_Christmas%20%20face2/b5.jpg?raw=true,,https://github.com/Tozivn/futurelove/blob/main/14_Christmas%20%20face2/b5.jpg?raw=true,4,,,,,
21,DCC,Christmas Day,https://github.com/Tozivn/futurelove/blob/main/14_Christmas%20%20face2/b6.jpg?raw=true,,https://github.com/Tozivn/futurelove/blob/main/14_Christmas%20%20face2/b6.jpg?raw=true,4,,,,,
22,DCC,Christmas Day,https://github.com/Tozivn/futurelove/blob/main/14_Christmas%20%20face2/b7.jpg?raw=true,,https://github.com/Tozivn/futurelove/blob/main/14_Christmas%20%20face2/b7.jpg?raw=true,4,,,,,
23,DCC,Christmas Day,https://github.com/Tozivn/futurelove/blob/main/14_Christmas%20%20face2/b8.jpg?raw=true,,https://github.com/Tozivn/futurelove/blob/main/14_Christmas%20%20face2/b8.jpg?raw=true,2,,,,,
24,DCC,Christmas Day,https://github.com/Tozivn/futurelove/blob/main/14_Christmas%20%20face2/b9.jpg?raw=true,https://github.com/Tozivn/futurelove/blob/main/14_Christmas%20%20face2/b9.jpg?raw=true,0,2,,,,,
25,DCC,Christmas Day,https://github.com/Tozivn/futurelove/blob/main/14_Christmas%20%20face2/img10.jpg?raw=true,https://github.com/Tozivn/futurelove/blob/main/14_Christmas%20%20face2/img10.jpg?raw=true,0,4,,,,,
26,DCC,Christmas Day,https://github.com/Tozivn/futurelove/blob/main/14_Christmas%20%20face2/img11.jpg?raw=true,https://github.com/Tozivn/futurelove/blob/main/14_Christmas%20%20face2/img11.jpg?raw=true,0,4,,,,,
27,DCC,Christmas Day,https://github.com/Tozivn/futurelove/blob/main/14_Christmas%20%20face2/img12.jpg?raw=true,https://github.com/Tozivn/futurelove/blob/main/14_Christmas%20%20face2/img12.jpg?raw=true,0,4,,,,,
28,DCC,Christmas Day,https://github.com/Tozivn/futurelove/blob/main/14_Christmas%20%20face2/img256.jpg?raw=true,https://github.com/Tozivn/futurelove/blob/main/14_Christmas%20%20face2/img256.jpg?raw=true,0,19,,,,,
29,DCC,Christmas Day,https://github.com/Tozivn/futurelove/blob/main/14_Christmas%20%20face2/img257.jpg?raw=true,https://github.com/Tozivn/futurelove/blob/main/14_Christmas%20%20face2/img257.jpg?raw=true,0,20,,,,,
30,DCC,Christmas Day,https://github.com/Tozivn/futurelove/blob/main/14_Christmas%20%20face2/img41.jpg?raw=true,https://github.com/Tozivn/futurelove/blob/main/14_Christmas%20%20face2/img41.jpg?raw=true,0,21,,,,,
31,DCC,Christmas Day,https://github.com/Tozivn/futurelove/blob/main/14_Christmas%20%20face2/img42.jpg?raw=true,https://github.com/Tozivn/futurelove/blob/main/14_Christmas%20%20face2/img42.jpg?raw=true,0,21,,,,,
32,DCC,Christmas Day,https://github.com/Tozivn/futurelove/blob/main/14_Christmas%20%20face2/img43.jpg?raw=true,https://github.com/Tozivn/futurelove/blob/main/14_Christmas%20%20face2/img43.jpg?raw=true,0,21,,,,,
33,DCC,Christmas Day,https://github.com/Tozivn/futurelove/blob/main/14_Christmas%20%20face2/img44.jpg?raw=true,https://github.com/Tozivn/futurelove/blob/main/14_Christmas%20%20face2/img44.jpg?raw=true,0,2,,,,,
34,DCC,Christmas Day,https://github.com/Tozivn/futurelove/blob/main/14_Christmas%20%20face2/img5.jpg?raw=true,https://github.com/Tozivn/futurelove/blob/main/14_Christmas%20%20face2/img5.jpg?raw=true,0,4,,,,,
35,DCC,Christmas Day,https://github.com/Tozivn/futurelove/blob/main/14_Christmas%20%20face2/img6.jpg?raw=true,https://github.com/Tozivn/futurelove/blob/main/14_Christmas%20%20face2/img6.jpg?raw=true,0,4,,,,,
36,DCC,Christmas Day,https://github.com/Tozivn/futurelove/blob/main/14_Christmas%20%20face2/img7.jpg?raw=true,https://github.com/Tozivn/futurelove/blob/main/14_Christmas%20%20face2/img7.jpg?raw=true,0,4,,,,,
37,DCC,Christmas Day,https://github.com/Tozivn/futurelove/blob/main/14_Christmas%20%20face2/img8.jpg?raw=true,https://github.com/Tozivn/futurelove/blob/main/14_Christmas%20%20face2/img8.jpg?raw=true,0,4,,,,,
38,DCC,Christmas Day,https://github.com/Tozivn/futurelove/blob/main/14_Christmas%20%20face2/img9.jpg?raw=true,https://github.com/Tozivn/futurelove/blob/main/14_Christmas%20%20face2/img9.jpg?raw=true,0,4,,,,,
39,DCC,Christmas Day,https://github.com/Tozivn/futurelove/blob/main/14_Christmas%20%20face2/n1.jpg?raw=true,https://github.com/Tozivn/futurelove/blob/main/14_Christmas%20%20face2/n1.jpg?raw=true,0,18,,,,,
40,DCC,Christmas Day,https://github.com/Tozivn/futurelove/blob/main/14_Christmas%20%20face2/n10.jpg?raw=true,https://github.com/Tozivn/futurelove/blob/main/14_Christmas%20%20face2/n10.jpg?raw=true,0,18,,,,,
41,DCC,Christmas Day,https://github.com/Tozivn/futurelove/blob/main/14_Christmas%20%20face2/n11.jpg?raw=true,https://github.com/Tozivn/futurelove/blob/main/14_Christmas%20%20face2/n11.jpg?raw=true,0,18,,,,,
42,DCC,Christmas Day,https://github.com/Tozivn/futurelove/blob/main/14_Christmas%20%20face2/n12.jpg?raw=true,https://github.com/Tozivn/futurelove/blob/main/14_Christmas%20%20face2/n12.jpg?raw=true,0,18,,,,,
43,DCC,Christmas Day,https://github.com/Tozivn/futurelove/blob/main/14_Christmas%20%20face2/n2.jpg?raw=true,https://github.com/Tozivn/futurelove/blob/main/14_Christmas%20%20face2/n2.jpg?raw=true,0,18,,,,,
44,DCC,Christmas Day,https://github.com/Tozivn/futurelove/blob/main/14_Christmas%20%20face2/n3.jpg?raw=true,https://github.com/Tozivn/futurelove/blob/main/14_Christmas%20%20face2/n3.jpg?raw=true,0,18,,,,,
45,DCC,Christmas Day,https://github.com/Tozivn/futurelove/blob/main/14_Christmas%20%20face2/n4.jpg?raw=true,https://github.com/Tozivn/futurelove/blob/main/14_Christmas%20%20face2/n4.jpg?raw=true,0,18,,,,,
46,DCC,Christmas Day,https://github.com/Tozivn/futurelove/blob/main/14_Christmas%20%20face2/n5.jpg?raw=true,https://github.com/Tozivn/futurelove/blob/main/14_Christmas%20%20face2/n5.jpg?raw=true,0,18,,,,,
47,DCC,Christmas Day,https://github.com/Tozivn/futurelove/blob/main/14_Christmas%20%20face2/n6.jpg?raw=true,https://github.com/Tozivn/futurelove/blob/main/14_Christmas%20%20face2/n6.jpg?raw=true,0,18,,,,,
48,DCC,Christmas Day,https://github.com/Tozivn/futurelove/blob/main/14_Christmas%20%20face2/n7.jpg?raw=true,https://github.com/Tozivn/futurelove/blob/main/14_Christmas%20%20face2/n7.jpg?raw=true,0,18,,,,,
49,DCC,Christmas Day,https://github.com/Tozivn/futurelove/blob/main/14_Christmas%20%20face2/n8.jpg?raw=true,https://github.com/Tozivn/futurelove/blob/main/14_Christmas%20%20face2/n8.jpg?raw=true,0,18,,,,,
50,DCC,Christmas Day,https://github.com/Tozivn/futurelove/blob/main/14_Christmas%20%20face2/n9.jpg?raw=true,https://github.com/Tozivn/futurelove/blob/main/14_Christmas%20%20face2/n9.jpg?raw=true,0,18,,,,,